-- Insert fake users (25 users)
INSERT INTO users (id, full_name, email, phone_number, gender, dob, dob_visibility, location_id, trust_score, is_verified, avatar_url, bio, is_active) VALUES
('550e8400-e29b-41d4-a716-446655440001', 'Aarav Sharma', 'aarav.sharma@email.com', '+91-9876543210', 'male', '1995-03-15', 'public', (SELECT id FROM location WHERE city = 'Mumbai' LIMIT 1), 4.2, true, 'https://i.pravatar.cc/150?img=1', 'Tech enthusiast and gadget lover. Love sharing my electronics!', true),
('550e8400-e29b-41d4-a716-446655440002', 'Priya Patel', 'priya.patel@email.com', '+91-9876543211', 'female', '1992-07-22', 'friends', (SELECT id FROM location WHERE city = 'Bangalore' LIMIT 1), 4.5, true, 'https://i.pravatar.cc/150?img=2', 'Interior designer with a passion for beautiful furniture', true),
('550e8400-e29b-41d4-a716-446655440003', 'Rahul Kumar', 'rahul.kumar@email.com', '+91-9876543212', 'male', '1988-11-05', 'private', (SELECT id FROM location WHERE city = 'New Delhi' LIMIT 1), 3.8, false, 'https://i.pravatar.cc/150?img=3', 'Sports enthusiast and fitness trainer', true),
('550e8400-e29b-41d4-a716-446655440004', 'Anita Singh', 'anita.singh@email.com', '+91-9876543213', 'female', '1990-01-18', 'public', (SELECT id FROM location WHERE city = 'Chennai' LIMIT 1), 4.7, true, 'https://i.pravatar.cc/150?img=4', 'Book lover and avid reader. Happy to share my collection!', true),
('550e8400-e29b-41d4-a716-446655440005', 'Vikram Reddy', 'vikram.reddy@email.com', '+91-9876543214', 'male', '1993-09-30', 'friends', (SELECT id FROM location WHERE city = 'Hyderabad' LIMIT 1), 4.1, true, 'https://i.pravatar.cc/150?img=5', 'Photographer and camera gear enthusiast', true),
('550e8400-e29b-41d4-a716-446655440006', 'Sneha Gupta', 'sneha.gupta@email.com', '+91-9876543215', 'female', '1991-06-12', 'public', (SELECT id FROM location WHERE city = 'Pune' LIMIT 1), 4.3, true, 'https://i.pravatar.cc/150?img=6', 'Travel blogger and adventure seeker', true),
('550e8400-e29b-41d4-a716-446655440007', 'Arjun Mehta', 'arjun.mehta@email.com', '+91-9876543216', 'male', '1994-04-25', 'private', (SELECT id FROM location WHERE city = 'Kolkata' LIMIT 1), 3.9, false, 'https://i.pravatar.cc/150?img=7', 'Music producer and instrument collector', true),
('550e8400-e29b-41d4-a716-446655440008', 'Deepika Joshi', 'deepika.joshi@email.com', '+91-9876543217', 'female', '1989-12-08', 'friends', (SELECT id FROM location WHERE city = 'Ahmedabad' LIMIT 1), 4.6, true, 'https://i.pravatar.cc/150?img=8', 'Fashion designer and style consultant', true),
('550e8400-e29b-41d4-a716-446655440009', 'Rohan Das', 'rohan.das@email.com', '+91-9876543218', 'male', '1996-02-14', 'public', (SELECT id FROM location WHERE city = 'Chandigarh' LIMIT 1), 4.0, true, 'https://i.pravatar.cc/150?img=9', 'Gaming enthusiast and tech reviewer', true),
('550e8400-e29b-41d4-a716-446655440010', 'Kavya Nair', 'kavya.nair@email.com', '+91-9876543219', 'female', '1987-08-03', 'private', (SELECT id FROM location WHERE city = 'Mumbai' LIMIT 1), 4.4, true, 'https://i.pravatar.cc/150?img=10', 'Chef and cooking equipment enthusiast', true),
('550e8400-e29b-41d4-a716-446655440011', 'Siddharth Roy', 'siddharth.roy@email.com', '+91-9876543220', 'male', '1992-10-17', 'friends', (SELECT id FROM location WHERE city = 'Bangalore' LIMIT 1), 3.7, false, 'https://i.pravatar.cc/150?img=11', 'Automotive enthusiast and bike lover', true),
('550e8400-e29b-41d4-a716-446655440012', 'Ishita Agarwal', 'ishita.agarwal@email.com', '+91-9876543221', 'female', '1994-05-29', 'public', (SELECT id FROM location WHERE city = 'New Delhi' LIMIT 1), 4.8, true, 'https://i.pravatar.cc/150?img=12', 'Artist and creative tools collector', true),
('550e8400-e29b-41d4-a716-446655440013', 'Karan Malhotra', 'karan.malhotra@email.com', '+91-9876543222', 'male', '1990-07-11', 'private', (SELECT id FROM location WHERE city = 'Chennai' LIMIT 1), 4.2, true, 'https://i.pravatar.cc/150?img=13', 'Fitness trainer and gym equipment expert', true),
('550e8400-e29b-41d4-a716-446655440014', 'Riya Sharma', 'riya.sharma@email.com', '+91-9876543223', 'female', '1993-03-26', 'friends', (SELECT id FROM location WHERE city = 'Hyderabad' LIMIT 1), 4.1, true, 'https://i.pravatar.cc/150?img=14', 'Event planner and party supplies expert', true),
('550e8400-e29b-41d4-a716-446655440015', 'Amit Verma', 'amit.verma@email.com', '+91-9876543224', 'male', '1991-11-19', 'public', (SELECT id FROM location WHERE city = 'Pune' LIMIT 1), 3.9, false, 'https://i.pravatar.cc/150?img=15', 'Gardening enthusiast and tool collector', true),
('550e8400-e29b-41d4-a716-446655440016', 'Pooja Bansal', 'pooja.bansal@email.com', '+91-9876543225', 'female', '1988-09-07', 'private', (SELECT id FROM location WHERE city = 'Kolkata' LIMIT 1), 4.5, true, 'https://i.pravatar.cc/150?img=16', 'Baby products expert and mom blogger', true),
('550e8400-e29b-41d4-a716-446655440017', 'Nikhil Jain', 'nikhil.jain@email.com', '+91-9876543226', 'male', '1995-01-31', 'friends', (SELECT id FROM location WHERE city = 'Ahmedabad' LIMIT 1), 4.3, true, 'https://i.pravatar.cc/150?img=17', 'Drone enthusiast and aerial photographer', true),
('550e8400-e29b-41d4-a716-446655440018', 'Shreya Pandey', 'shreya.pandey@email.com', '+91-9876543227', 'female', '1992-06-23', 'public', (SELECT id FROM location WHERE city = 'Chandigarh' LIMIT 1), 4.0, true, 'https://i.pravatar.cc/150?img=18', 'Wedding planner and decoration expert', true),
('550e8400-e29b-41d4-a716-446655440019', 'Varun Khanna', 'varun.khanna@email.com', '+91-9876543228', 'male', '1989-04-16', 'private', (SELECT id FROM location WHERE city = 'Mumbai' LIMIT 1), 4.6, true, 'https://i.pravatar.cc/150?img=19', 'Home automation and smart device expert', true),
('550e8400-e29b-41d4-a716-446655440020', 'Meera Iyer', 'meera.iyer@email.com', '+91-9876543229', 'female', '1994-12-02', 'friends', (SELECT id FROM location WHERE city = 'Bangalore' LIMIT 1), 4.4, true, 'https://i.pravatar.cc/150?img=20', 'Yoga instructor and wellness enthusiast', true),
('550e8400-e29b-41d4-a716-446655440021', 'Rajesh Sinha', 'rajesh.sinha@email.com', '+91-9876543230', 'male', '1987-08-20', 'public', (SELECT id FROM location WHERE city = 'New Delhi' LIMIT 1), 3.8, false, 'https://i.pravatar.cc/150?img=21', 'Car rental and automotive service provider', true),
('550e8400-e29b-41d4-a716-446655440022', 'Nisha Chopra', 'nisha.chopra@email.com', '+91-9876543231', 'female', '1993-10-05', 'private', (SELECT id FROM location WHERE city = 'Chennai' LIMIT 1), 4.7, true, 'https://i.pravatar.cc/150?img=22', 'Professional photographer and equipment renter', true),
('550e8400-e29b-41d4-a716-446655440023', 'Akash Gupta', 'akash.gupta@email.com', '+91-9876543232', 'male', '1991-02-28', 'friends', (SELECT id FROM location WHERE city = 'Hyderabad' LIMIT 1), 4.1, true, 'https://i.pravatar.cc/150?img=23', 'Board game enthusiast and collector', true),
('550e8400-e29b-41d4-a716-446655440024', 'Divya Rao', 'divya.rao@email.com', '+91-9876543233', 'female', '1990-07-14', 'public', (SELECT id FROM location WHERE city = 'Pune' LIMIT 1), 4.2, true, 'https://i.pravatar.cc/150?img=24', 'Camping and outdoor gear expert', true),
('550e8400-e29b-41d4-a716-446655440025', 'Sandeep Kumar', 'sandeep.kumar@email.com', '+91-9876543234', 'male', '1988-05-09', 'private', (SELECT id FROM location WHERE city = 'Kolkata' LIMIT 1), 4.5, true, 'https://i.pravatar.cc/150?img=25', 'Electronics repair and rental specialist', true);

-- Insert fake files (25 files)
INSERT INTO file (id, user_id, name, url, file_type, file_size, mime_type, alt_text, is_public) VALUES
('650e8400-e29b-41d4-a716-446655440001', '550e8400-e29b-41d4-a716-446655440001', 'laptop_image_1.jpg', 'https://images.unsplash.com/photo-1496181133206-80ce9b88a853?w=800', 'image', 245632, 'image/jpeg', 'MacBook Pro on wooden desk', true),
('650e8400-e29b-41d4-a716-446655440002', '550e8400-e29b-41d4-a716-446655440001', 'laptop_image_2.jpg', 'https://images.unsplash.com/photo-1541807084-5c52b6b3adef?w=800', 'image', 198543, 'image/jpeg', 'Gaming laptop with RGB keyboard', true),
('650e8400-e29b-41d4-a716-446655440003', '550e8400-e29b-41d4-a716-446655440002', 'sofa_image_1.jpg', 'https://images.unsplash.com/photo-1555041469-a586c61ea9bc?w=800', 'image', 387219, 'image/jpeg', 'Modern grey sectional sofa', true),
('650e8400-e29b-41d4-a716-446655440004', '550e8400-e29b-41d4-a716-446655440003', 'treadmill_1.jpg', 'https://images.unsplash.com/photo-1571019613454-1cb2f99b2d8b?w=800', 'image', 456789, 'image/jpeg', 'Professional treadmill in gym', true),
('650e8400-e29b-41d4-a716-446655440005', '550e8400-e29b-41d4-a716-446655440004', 'bookshelf_1.jpg', 'https://images.unsplash.com/photo-1507003211169-0a1dd7228f2d?w=800', 'image', 325678, 'image/jpeg', 'Wooden bookshelf with books', true),
('650e8400-e29b-41d4-a716-446655440006', '550e8400-e29b-41d4-a716-446655440005', 'camera_1.jpg', 'https://images.unsplash.com/photo-1502920917128-1aa500764cbd?w=800', 'image', 234567, 'image/jpeg', 'Professional DSLR camera', true),
('650e8400-e29b-41d4-a716-446655440007', '550e8400-e29b-41d4-a716-446655440006', 'tent_1.jpg', 'https://images.unsplash.com/photo-1504851149312-7a075b496cc7?w=800', 'image', 298765, 'image/jpeg', 'Camping tent in mountains', true),
('650e8400-e29b-41d4-a716-446655440008', '550e8400-e29b-41d4-a716-446655440007', 'guitar_1.jpg', 'https://images.unsplash.com/photo-1510915361894-db8b60106cb1?w=800', 'image', 189432, 'image/jpeg', 'Acoustic guitar on stand', true),
('650e8400-e29b-41d4-a716-446655440009', '550e8400-e29b-41d4-a716-446655440008', 'dress_1.jpg', 'https://images.unsplash.com/photo-1595777457583-95e059d581b8?w=800', 'image', 156789, 'image/jpeg', 'Designer evening dress', true),
('650e8400-e29b-41d4-a716-446655440010', '550e8400-e29b-41d4-a716-446655440009', 'gaming_setup.jpg', 'https://images.unsplash.com/photo-1593305841991-05c297ba4575?w=800', 'image', 412345, 'image/jpeg', 'Gaming setup with RGB lights', true),
('650e8400-e29b-41d4-a716-446655440011', '550e8400-e29b-41d4-a716-446655440010', 'kitchen_mixer.jpg', 'https://images.unsplash.com/photo-1556909114-f6e7ad7d3136?w=800', 'image', 267891, 'image/jpeg', 'Professional kitchen mixer', true),
('650e8400-e29b-41d4-a716-446655440012', '550e8400-e29b-41d4-a716-446655440011', 'motorcycle_1.jpg', 'https://images.unsplash.com/photo-1558618666-fcd25c85cd64?w=800', 'image', 345612, 'image/jpeg', 'Sport motorcycle in garage', true),
('650e8400-e29b-41d4-a716-446655440013', '550e8400-e29b-41d4-a716-446655440012', 'art_supplies.jpg', 'https://images.unsplash.com/photo-1513475382585-d06e58bcb0e0?w=800', 'image', 198765, 'image/jpeg', 'Professional art supplies set', true),
('650e8400-e29b-41d4-a716-446655440014', '550e8400-e29b-41d4-a716-446655440013', 'gym_weights.jpg', 'https://images.unsplash.com/photo-1534438327276-14e5300c3a48?w=800', 'image', 389456, 'image/jpeg', 'Set of gym dumbbells', true),
('650e8400-e29b-41d4-a716-446655440015', '550e8400-e29b-41d4-a716-446655440014', 'party_lights.jpg', 'https://images.unsplash.com/photo-1492684223066-81342ee5ff30?w=800', 'image', 234789, 'image/jpeg', 'LED party lighting setup', true),
('650e8400-e29b-41d4-a716-446655440016', '550e8400-e29b-41d4-a716-446655440015', 'garden_tools.jpg', 'https://images.unsplash.com/photo-1416879595882-3373a0480b5b?w=800', 'image', 276543, 'image/jpeg', 'Professional garden tool set', true),
('650e8400-e29b-41d4-a716-446655440017', '550e8400-e29b-41d4-a716-446655440016', 'baby_stroller.jpg', 'https://images.unsplash.com/photo-1544717302-de2939b7ef71?w=800', 'image', 198234, 'image/jpeg', 'Premium baby stroller', true),
('650e8400-e29b-41d4-a716-446655440018', '550e8400-e29b-41d4-a716-446655440017', 'drone_1.jpg', 'https://images.unsplash.com/photo-1473968512647-3e447244af8f?w=800', 'image', 345678, 'image/jpeg', 'Professional photography drone', true),
('650e8400-e29b-41d4-a716-446655440019', '550e8400-e29b-41d4-a716-446655440018', 'wedding_decor.jpg', 'https://images.unsplash.com/photo-1519225421980-715cb0215aed?w=800', 'image', 312456, 'image/jpeg', 'Wedding decoration setup', true),
('650e8400-e29b-41d4-a716-446655440020', '550e8400-e29b-41d4-a716-446655440019', 'smart_home.jpg', 'https://images.unsplash.com/photo-1558002038-1055907df827?w=800', 'image', 289765, 'image/jpeg', 'Smart home control panel', true),
('650e8400-e29b-41d4-a716-446655440021', '550e8400-e29b-41d4-a716-446655440020', 'yoga_mat.jpg', 'https://images.unsplash.com/photo-1506629905607-02b4f043c71e?w=800', 'image', 167432, 'image/jpeg', 'Premium yoga mat and blocks', true),
('650e8400-e29b-41d4-a716-446655440022', '550e8400-e29b-41d4-a716-446655440021', 'car_interior.jpg', 'https://images.unsplash.com/photo-1449824913935-59a10b8d2000?w=800', 'image', 398765, 'image/jpeg', 'Luxury car interior', true),
('650e8400-e29b-41d4-a716-446655440023', '550e8400-e29b-41d4-a716-446655440022', 'photo_equipment.jpg', 'https://images.unsplash.com/photo-1502920917128-1aa500764cbd?w=800', 'image', 276589, 'image/jpeg', 'Professional photography equipment', true),
('650e8400-e29b-41d4-a716-446655440024', '550e8400-e29b-41d4-a716-446655440023', 'board_games.jpg', 'https://images.unsplash.com/photo-1606092195730-5d7b9af1efc5?w=800', 'image', 234567, 'image/jpeg', 'Collection of board games', true),
('650e8400-e29b-41d4-a716-446655440025', '550e8400-e29b-41d4-a716-446655440024', 'camping_gear.jpg', 'https://images.unsplash.com/photo-1504851149312-7a075b496cc7?w=800', 'image', 345789, 'image/jpeg', 'Complete camping gear set', true);

-- Insert fake devices (25 devices)
INSERT INTO device (id, user_id, device_type, os_version, app_version, device_token, is_active) VALUES
('750e8400-e29b-41d4-a716-446655440001', '550e8400-e29b-41d4-a716-446655440001', 'mobile_android', 'Android 13', '1.2.0', 'device_token_android_001', true),
('750e8400-e29b-41d4-a716-446655440002', '550e8400-e29b-41d4-a716-446655440002', 'mobile_ios', 'iOS 16.2', '1.2.0', 'device_token_ios_002', true),
('750e8400-e29b-41d4-a716-446655440003', '550e8400-e29b-41d4-a716-446655440003', 'web', 'Chrome 108', '1.2.0', NULL, true),
('750e8400-e29b-41d4-a716-446655440004', '550e8400-e29b-41d4-a716-446655440004', 'desktop', 'Windows 11', '1.1.0', 'desktop_token_004', true),
('750e8400-e29b-41d4-a716-446655440005', '550e8400-e29b-41d4-a716-446655440005', 'mobile_android', 'Android 12', '1.2.0', 'device_token_android_005', true),
('750e8400-e29b-41d4-a716-446655440006', '550e8400-e29b-41d4-a716-446655440006', 'mobile_ios', 'iOS 15.8', '1.1.5', 'device_token_ios_006', true),
('750e8400-e29b-41d4-a716-446655440007', '550e8400-e29b-41d4-a716-446655440007', 'web', 'Firefox 108', '1.2.0', NULL, true),
('750e8400-e29b-41d4-a716-446655440008', '550e8400-e29b-41d4-a716-446655440008', 'mobile_android', 'Android 11', '1.1.0', 'device_token_android_008', false),
('750e8400-e29b-41d4-a716-446655440009', '550e8400-e29b-41d4-a716-446655440009', 'desktop', 'macOS 13', '1.2.0', 'desktop_token_009', true),
('750e8400-e29b-41d4-a716-446655440010', '550e8400-e29b-41d4-a716-446655440010', 'mobile_ios', 'iOS 16.1', '1.2.0', 'device_token_ios_010', true),
('750e8400-e29b-41d4-a716-446655440011', '550e8400-e29b-41d4-a716-446655440011', 'web', 'Safari 16', '1.2.0', NULL, true),
('750e8400-e29b-41d4-a716-446655440012', '550e8400-e29b-41d4-a716-446655440012', 'mobile_android', 'Android 13', '1.2.0', 'device_token_android_012', true),
('750e8400-e29b-41d4-a716-446655440013', '550e8400-e29b-41d4-a716-446655440013', 'desktop', 'Windows 10', '1.1.5', 'desktop_token_013', true),
('750e8400-e29b-41d4-a716-446655440014', '550e8400-e29b-41d4-a716-446655440014', 'mobile_ios', 'iOS 16.0', '1.2.0', 'device_token_ios_014', true),
('750e8400-e29b-41d4-a716-446655440015', '550e8400-e29b-41d4-a716-446655440015', 'web', 'Edge 108', '1.2.0', NULL, true),
('750e8400-e29b-41d4-a716-446655440016', '550e8400-e29b-41d4-a716-446655440016', 'mobile_android', 'Android 12', '1.1.5', 'device_token_android_016', true),
('750e8400-e29b-41d4-a716-446655440017', '550e8400-e29b-41d4-a716-446655440017', 'desktop', 'macOS 12', '1.2.0', 'desktop_token_017', true),
('750e8400-e29b-41d4-a716-446655440018', '550e8400-e29b-41d4-a716-446655440018', 'mobile_ios', 'iOS 15.7', '1.1.0', 'device_token_ios_018', false),
('750e8400-e29b-41d4-a716-446655440019', '550e8400-e29b-41d4-a716-446655440019', 'web', 'Chrome 107', '1.1.5', NULL, true),
('750e8400-e29b-41d4-a716-446655440020', '550e8400-e29b-41d4-a716-446655440020', 'mobile_android', 'Android 13', '1.2.0', 'device_token_android_020', true),
('750e8400-e29b-41d4-a716-446655440021', '550e8400-e29b-41d4-a716-446655440021', 'desktop', 'Windows 11', '1.2.0', 'desktop_token_021', true),
('750e8400-e29b-41d4-a716-446655440022', '550e8400-e29b-41d4-a716-446655440022', 'mobile_ios', 'iOS 16.2', '1.2.0', 'device_token_ios_022', true),
('750e8400-e29b-41d4-a716-446655440023', '550e8400-e29b-41d4-a716-446655440023', 'web', 'Firefox 107', '1.2.0', NULL, true),
('750e8400-e29b-41d4-a716-446655440024', '550e8400-e29b-41d4-a716-446655440024', 'mobile_android', 'Android 11', '1.1.5', 'device_token_android_024', true),
('750e8400-e29b-41d4-a716-446655440025', '550e8400-e29b-41d4-a716-446655440025', 'desktop', 'macOS 13', '1.2.0', 'desktop_token_025', true);


-- Insert fake items (30 items)
INSERT INTO item (id, user_id, title, description, category_id, condition, security_amount, rent_price_per_day, location_id, delivery_mode, min_rental_days, max_rental_days, is_negotiable, tags, status, rating_average, rating_count) VALUES
('850e8400-e29b-41d4-a716-446655440001', '550e8400-e29b-41d4-a716-446655440001', 'MacBook Pro 16" M2 2023', 'Latest MacBook Pro with M2 chip, perfect for developers and designers. Comes with charger and laptop bag.', (SELECT id FROM categories WHERE category_name = 'Laptops & Computers' LIMIT 1), 'like_new', 5000.00, 500.00, (SELECT id FROM location WHERE city = 'Mumbai' LIMIT 1), 'both', 5, 7, true, '{"laptop", "macbook", "apple", "development", "design"}', 'available', 4.8, 12),
('850e8400-e29b-41d4-a716-446655440002', '550e8400-e29b-41d4-a716-446655440002', 'L-Shaped Sectional Sofa', 'Comfortable grey sectional sofa perfect for living rooms. Seats 6 people comfortably.', (SELECT id FROM categories WHERE category_name = 'Living Room' LIMIT 1), 'good', 2000.00, 150.00, (SELECT id FROM location WHERE city = 'Bangalore' LIMIT 1), 'pickup', 2, 30, false, '{"sofa", "furniture", "living-room", "grey", "sectional"}', 'available', 4.5, 8),
('850e8400-e29b-41d4-a716-446655440003', '550e8400-e29b-41d4-a716-446655440003', 'Commercial Treadmill', 'Professional grade treadmill with incline and heart rate monitor. Perfect for serious fitness enthusiasts.', (SELECT id FROM categories WHERE category_name = 'Gym Equipment' LIMIT 1), 'good', 3000.00, 200.00, (SELECT id FROM location WHERE city = 'New Delhi' LIMIT 1), 'pickup', 5, 15, true, '{"treadmill", "fitness", "cardio", "gym", "exercise"}', 'available', 4.2, 5),
('850e8400-e29b-41d4-a716-446655440004', '550e8400-e29b-41d4-a716-446655440004', 'Complete Book Collection', 'Over 200 books including fiction, non-fiction, and academic texts. Perfect for students and book lovers.', (SELECT id FROM categories WHERE category_name = 'Books & Media' LIMIT 1), 'good', 500.00, 50.00, (SELECT id FROM location WHERE city = 'Chennai' LIMIT 1), 'both', 5, 14, false, '{"books", "literature", "education", "reading", "collection"}', 'available', 4.9, 15),
('850e8400-e29b-41d4-a716-446655440005', '550e8400-e29b-41d4-a716-446655440005', 'Canon EOS R5 Camera', 'Professional mirrorless camera with 45MP sensor. Includes 2 lenses and camera bag.', (SELECT id FROM categories WHERE category_name = 'Photography' LIMIT 1), 'like_new', 8000.00, 800.00, (SELECT id FROM location WHERE city = 'Hyderabad' LIMIT 1), 'both', 5, 5, true, '{"camera", "canon", "photography", "mirrorless", "professional"}', 'available', 4.7, 9),
('850e8400-e29b-41d4-a716-446655440006', '550e8400-e29b-41d4-a716-446655440006', '4-Person Camping Tent', 'Waterproof camping tent with easy setup. Perfect for weekend getaways and outdoor adventures.', (SELECT id FROM categories WHERE category_name = 'Travel & Luggage' LIMIT 1), 'good', 300.00, 80.00, (SELECT id FROM location WHERE city = 'Pune' LIMIT 1), 'both', 2, 10, false, '{"tent", "camping", "outdoor", "travel", "waterproof"}', 'available', 4.3, 7),
('850e8400-e29b-41d4-a716-446655440007', '550e8400-e29b-41d4-a716-446655440007', 'Yamaha Acoustic Guitar', 'Beautiful acoustic guitar in excellent condition. Comes with case and picks.', (SELECT id FROM categories WHERE category_name = 'Music Instruments' LIMIT 1), 'good', 1000.00, 100.00, (SELECT id FROM location WHERE city = 'Kolkata' LIMIT 1), 'both', 5, 30, true, '{"guitar", "yamaha", "acoustic", "music", "instrument"}', 'available', 4.6, 11),
('850e8400-e29b-41d4-a716-446655440008', '550e8400-e29b-41d4-a716-446655440008', 'Designer Evening Dress', 'Elegant black evening dress, size M. Perfect for formal events and parties.', (SELECT id FROM categories WHERE category_name = 'Clothing & Accessories' LIMIT 1), 'like_new', 200.00, 75.00, (SELECT id FROM location WHERE city = 'Ahmedabad' LIMIT 1), 'delivery', 5, 1, false, '{"dress", "evening", "formal", "black", "designer"}', 'available', 4.1, 3),
('850e8400-e29b-41d4-a716-446655440009', '550e8400-e29b-41d4-a716-446655440009', 'Gaming PC Setup', 'High-end gaming PC with RTX 4080, RGB lighting, and mechanical keyboard.', (SELECT id FROM categories WHERE category_name = 'Gaming' LIMIT 1), 'new', 10000.00, 1000.00, (SELECT id FROM location WHERE city = 'Chandigarh' LIMIT 1), 'pickup', 5, 7, false, '{"gaming", "pc", "rtx", "rgb", "mechanical"}', 'available', 4.9, 6),
('850e8400-e29b-41d4-a716-446655440010', '550e8400-e29b-41d4-a716-446655440010', 'KitchenAid Stand Mixer', 'Professional stand mixer with multiple attachments. Perfect for baking enthusiasts.', (SELECT id FROM categories WHERE category_name = 'Appliances' LIMIT 1), 'good', 1500.00, 120.00, (SELECT id FROM location WHERE city = 'Mumbai' LIMIT 1), 'both', 5, 14, true, '{"mixer", "kitchenaid", "baking", "appliance", "professional"}', 'available', 4.4, 8),
('850e8400-e29b-41d4-a716-446655440011', '550e8400-e29b-41d4-a716-446655440011', 'Royal Enfield Classic 350', 'Vintage style motorcycle in excellent condition. Perfect for city rides and short trips.', (SELECT id FROM categories WHERE category_name = 'Bikes & Scooters' LIMIT 1), 'good', 5000.00, 400.00, (SELECT id FROM location WHERE city = 'Bangalore' LIMIT 1), 'pickup', 5, 5, true, '{"motorcycle", "royal-enfield", "classic", "vintage", "bike"}', 'available', 4.2, 4),
('850e8400-e29b-41d4-a716-446655440012', '550e8400-e29b-41d4-a716-446655440012', 'Art Supplies Set', 'Complete art supplies including paints, brushes, canvases, and easel.', (SELECT id FROM categories WHERE category_name = 'Tools & Equipment' LIMIT 1), 'good', 800.00, 60.00, (SELECT id FROM location WHERE city = 'New Delhi' LIMIT 1), 'both', 2, 21, false, '{"art", "painting", "supplies", "brushes", "canvas"}', 'available', 4.0, 2),
('850e8400-e29b-41d4-a716-446655440013', '550e8400-e29b-41d4-a716-446655440013', 'Adjustable Dumbbells Set', 'Complete set of adjustable dumbbells from 5kg to 50kg per dumbbell.', (SELECT id FROM categories WHERE category_name = 'Gym Equipment' LIMIT 1), 'good', 2000.00, 180.00, (SELECT id FROM location WHERE city = 'Chennai' LIMIT 1), 'pickup', 5, 30, false, '{"dumbbells", "weights", "fitness", "adjustable", "gym"}', 'available', 4.5, 6),
('850e8400-e29b-41d4-a716-446655440014', '550e8400-e29b-41d4-a716-446655440014', 'LED Party Lights Setup', 'Professional LED lighting setup for parties and events. Includes controller and stands.', (SELECT id FROM categories WHERE category_name = 'Events & Party' LIMIT 1), 'like_new', 1000.00, 150.00, (SELECT id FROM location WHERE city = 'Hyderabad' LIMIT 1), 'both', 5, 1, true, '{"lights", "led", "party", "events", "professional"}', 'available', 4.3, 5),
('850e8400-e29b-41d4-a716-446655440015', '550e8400-e29b-41d4-a716-446655440015', 'Garden Tool Kit', 'Complete gardening tool kit with spade, rake, pruners, and watering equipment.', (SELECT id FROM categories WHERE category_name = 'Home & Garden' LIMIT 1), 'good', 400.00, 40.00, (SELECT id FROM location WHERE city = 'Pune' LIMIT 1), 'both', 5, 30, false, '{"garden", "tools", "spade", "rake", "watering"}', 'available', 3.8, 3),
('850e8400-e29b-41d4-a716-446655440016', '550e8400-e29b-41d4-a716-446655440016', 'Premium Baby Stroller', 'High-end baby stroller with car seat adapter and rain cover.', (SELECT id FROM categories WHERE category_name = 'Baby & Kids' LIMIT 1), 'like_new', 800.00, 100.00, (SELECT id FROM location WHERE city = 'Kolkata' LIMIT 1), 'both', 5, 14, false, '{"stroller", "baby", "premium", "car-seat", "rain-cover"}', 'available', 4.7, 9),
('850e8400-e29b-41d4-a716-446655440017', '550e8400-e29b-41d4-a716-446655440017', 'DJI Mavic Air 2 Drone', 'Professional drone with 4K camera and obstacle avoidance. Perfect for aerial photography.', (SELECT id FROM categories WHERE category_name = 'Photography' LIMIT 1), 'like_new', 3000.00, 300.00, (SELECT id FROM location WHERE city = 'Ahmedabad' LIMIT 1), 'both', 5, 7, true, '{"drone", "dji", "mavic", "4k", "aerial"}', 'available', 4.8, 7),
('850e8400-e29b-41d4-a716-446655440018', '550e8400-e29b-41d4-a716-446655440018', 'Wedding Decoration Package', 'Complete wedding decoration package including flowers, lights, and centerpieces.', (SELECT id FROM categories WHERE category_name = 'Events & Party' LIMIT 1), 'good', 2000.00, 500.00, (SELECT id FROM location WHERE city = 'Chandigarh' LIMIT 1), 'delivery', 5, 2, false, '{"wedding", "decoration", "flowers", "lights", "centerpieces"}', 'available', 4.2, 4),
('850e8400-e29b-41d4-a716-446655440019', '550e8400-e29b-41d4-a716-446655440019', 'Smart Home Hub', 'Complete smart home automation system with voice control and app integration.', (SELECT id FROM categories WHERE category_name = 'Electronics' LIMIT 1), 'new', 1500.00, 200.00, (SELECT id FROM location WHERE city = 'Mumbai' LIMIT 1), 'both', 2, 14, true, '{"smart-home", "automation", "voice", "app", "hub"}', 'available', 4.6, 8),
('850e8400-e29b-41d4-a716-446655440020', '550e8400-e29b-41d4-a716-446655440020', 'Yoga Equipment Set', 'Complete yoga set with mats, blocks, straps, and meditation cushion.', (SELECT id FROM categories WHERE category_name = 'Sports & Fitness' LIMIT 1), 'good', 300.00, 50.00, (SELECT id FROM location WHERE city = 'Bangalore' LIMIT 1), 'both', 2, 30, false, '{"yoga", "meditation", "mat", "blocks", "wellness"}', 'available', 4.4, 12),
('850e8400-e29b-41d4-a716-446655440021', '550e8400-e29b-41d4-a716-446655440021', 'Luxury Car - BMW 3 Series', 'Premium BMW 3 Series for special occasions and business meetings.', (SELECT id FROM categories WHERE category_name = 'Cars' LIMIT 1), 'good', 15000.00, 2000.00, (SELECT id FROM location WHERE city = 'New Delhi' LIMIT 1), 'pickup', 5, 7, false, '{"bmw", "luxury", "car", "business", "premium"}', 'available', 4.1, 3),
('850e8400-e29b-41d4-a716-446655440022', '550e8400-e29b-41d4-a716-446655440022', 'Professional Photo Studio Kit', 'Complete photography studio setup with lights, backdrops, and stands.', (SELECT id FROM categories WHERE category_name = 'Photography' LIMIT 1), 'good', 5000.00, 600.00, (SELECT id FROM location WHERE city = 'Chennai' LIMIT 1), 'pickup', 5, 5, true, '{"studio", "photography", "lights", "backdrop", "professional"}', 'available', 4.5, 6),
('850e8400-e29b-41d4-a716-446655440023', '550e8400-e29b-41d4-a716-446655440023', 'Board Game Collection', 'Extensive collection of 50+ board games including classics and modern games.', (SELECT id FROM categories WHERE category_name = 'Gaming' LIMIT 1), 'good', 500.00, 80.00, (SELECT id FROM location WHERE city = 'Hyderabad' LIMIT 1), 'both', 2, 21, false, '{"board-games", "collection", "family", "entertainment", "games"}', 'available', 4.7, 10),
('850e8400-e29b-41d4-a716-446655440024', '550e8400-e29b-41d4-a716-446655440024', 'Camping Equipment Bundle', 'Complete camping bundle with tent, sleeping bags, portable stove, and cookware.', (SELECT id FROM categories WHERE category_name = 'Travel & Luggage' LIMIT 1), 'good', 1000.00, 120.00, (SELECT id FROM location WHERE city = 'Pune' LIMIT 1), 'both', 2, 14, true, '{"camping", "bundle", "tent", "sleeping-bag", "outdoor"}', 'available', 4.0, 5),
('850e8400-e29b-41d4-a716-446655440025', '550e8400-e29b-41d4-a716-446655440025', 'Electronics Repair Tools', 'Professional electronics repair toolkit with multimeter, soldering iron, and components.', (SELECT id FROM categories WHERE category_name = 'Tools & Equipment' LIMIT 1), 'good', 800.00, 90.00, (SELECT id FROM location WHERE city = 'Kolkata' LIMIT 1), 'both', 5, 30, false, '{"repair", "electronics", "tools", "multimeter", "soldering"}', 'available', 3.9, 4),
('850e8400-e29b-41d4-a716-446655440026', '550e8400-e29b-41d4-a716-446655440001', 'Mountain Bike', 'High-quality mountain bike perfect for trails and city riding.', (SELECT id FROM categories WHERE category_name = 'Bicycles' LIMIT 1), 'good', 1200.00, 150.00, (SELECT id FROM location WHERE city = 'Ahmedabad' LIMIT 1), 'pickup', 5, 10, true, '{"mountain-bike", "cycling", "trails", "outdoor", "fitness"}', 'available', 4.3, 7),
('850e8400-e29b-41d4-a716-446655440027', '550e8400-e29b-41d4-a716-446655440002', 'Office Desk Setup', 'Complete home office setup with desk, chair, and storage.', (SELECT id FROM categories WHERE category_name = 'Office Furniture' LIMIT 1), 'good', 1000.00, 120.00, (SELECT id FROM location WHERE city = 'Chandigarh' LIMIT 1), 'pickup', 5, 30, false, '{"office", "desk", "chair", "storage", "workspace"}', 'available', 4.1, 5),
('850e8400-e29b-41d4-a716-446655440028', '550e8400-e29b-41d4-a716-446655440003', 'DJ Equipment Set', 'Professional DJ setup with turntables, mixer, and speakers.', (SELECT id FROM categories WHERE category_name = 'Audio & Video' LIMIT 1), 'good', 4000.00, 400.00, (SELECT id FROM location WHERE city = 'Mumbai' LIMIT 1), 'pickup', 5, 1, true, '{"dj", "turntables", "mixer", "speakers", "music"}', 'available', 4.4, 6),
('850e8400-e29b-41d4-a716-446655440029', '550e8400-e29b-41d4-a716-446655440004', 'Kids Play Equipment', 'Outdoor play equipment set with slide, swing, and climbing frame.', (SELECT id FROM categories WHERE category_name = 'Baby & Kids' LIMIT 1), 'good', 2000.00, 200.00, (SELECT id FROM location WHERE city = 'Bangalore' LIMIT 1), 'pickup', 5, 30, false, '{"kids", "playground", "slide", "swing", "outdoor"}', 'available', 4.6, 8),
('850e8400-e29b-41d4-a716-446655440030', '550e8400-e29b-41d4-a716-446655440005', 'Power Tools Kit', 'Complete power tools set with drill, saw, grinder, and accessories.', (SELECT id FROM categories WHERE category_name = 'Tools & Equipment' LIMIT 1), 'good', 1500.00, 150.00, (SELECT id FROM location WHERE city = 'New Delhi' LIMIT 1), 'both', 2, 21, true, '{"power-tools", "drill", "saw", "grinder", "construction"}', 'available', 4.2, 9);

-- Insert item images (linking items to files)
INSERT INTO item_image (id, item_id, file_id, display_order, is_primary) VALUES
('950e8400-e29b-41d4-a716-446655440001', '850e8400-e29b-41d4-a716-446655440001', '650e8400-e29b-41d4-a716-446655440001', 5, true),
('950e8400-e29b-41d4-a716-446655440002', '850e8400-e29b-41d4-a716-446655440001', '650e8400-e29b-41d4-a716-446655440002', 2, false),
('950e8400-e29b-41d4-a716-446655440003', '850e8400-e29b-41d4-a716-446655440002', '650e8400-e29b-41d4-a716-446655440003', 5, true),
('950e8400-e29b-41d4-a716-446655440004', '850e8400-e29b-41d4-a716-446655440003', '650e8400-e29b-41d4-a716-446655440004', 5, true),
('950e8400-e29b-41d4-a716-446655440005', '850e8400-e29b-41d4-a716-446655440004', '650e8400-e29b-41d4-a716-446655440005', 5, true),
('950e8400-e29b-41d4-a716-446655440006', '850e8400-e29b-41d4-a716-446655440005', '650e8400-e29b-41d4-a716-446655440006', 5, true),
('950e8400-e29b-41d4-a716-446655440007', '850e8400-e29b-41d4-a716-446655440006', '650e8400-e29b-41d4-a716-446655440007', 5, true),
('950e8400-e29b-41d4-a716-446655440008', '850e8400-e29b-41d4-a716-446655440007', '650e8400-e29b-41d4-a716-446655440008', 5, true),
('950e8400-e29b-41d4-a716-446655440009', '850e8400-e29b-41d4-a716-446655440008', '650e8400-e29b-41d4-a716-446655440009', 5, true),
('950e8400-e29b-41d4-a716-446655440010', '850e8400-e29b-41d4-a716-446655440009', '650e8400-e29b-41d4-a716-446655440010', 5, true),
('950e8400-e29b-41d4-a716-446655440011', '850e8400-e29b-41d4-a716-446655440010', '650e8400-e29b-41d4-a716-446655440011', 5, true),
('950e8400-e29b-41d4-a716-446655440012', '850e8400-e29b-41d4-a716-446655440011', '650e8400-e29b-41d4-a716-446655440012', 5, true),
('950e8400-e29b-41d4-a716-446655440013', '850e8400-e29b-41d4-a716-446655440012', '650e8400-e29b-41d4-a716-446655440013', 5, true),
('950e8400-e29b-41d4-a716-446655440014', '850e8400-e29b-41d4-a716-446655440013', '650e8400-e29b-41d4-a716-446655440014', 5, true),
('950e8400-e29b-41d4-a716-446655440015', '850e8400-e29b-41d4-a716-446655440014', '650e8400-e29b-41d4-a716-446655440015', 5, true),
('950e8400-e29b-41d4-a716-446655440016', '850e8400-e29b-41d4-a716-446655440015', '650e8400-e29b-41d4-a716-446655440016', 5, true),
('950e8400-e29b-41d4-a716-446655440017', '850e8400-e29b-41d4-a716-446655440016', '650e8400-e29b-41d4-a716-446655440017', 5, true),
('950e8400-e29b-41d4-a716-446655440018', '850e8400-e29b-41d4-a716-446655440017', '650e8400-e29b-41d4-a716-446655440018', 5, true),
('950e8400-e29b-41d4-a716-446655440019', '850e8400-e29b-41d4-a716-446655440018', '650e8400-e29b-41d4-a716-446655440019', 5, true),
('950e8400-e29b-41d4-a716-446655440020', '850e8400-e29b-41d4-a716-446655440019', '650e8400-e29b-41d4-a716-446655440020', 5, true),
('950e8400-e29b-41d4-a716-446655440021', '850e8400-e29b-41d4-a716-446655440020', '650e8400-e29b-41d4-a716-446655440021', 5, true),
('950e8400-e29b-41d4-a716-446655440022', '850e8400-e29b-41d4-a716-446655440021', '650e8400-e29b-41d4-a716-446655440022', 5, true),
('950e8400-e29b-41d4-a716-446655440023', '850e8400-e29b-41d4-a716-446655440022', '650e8400-e29b-41d4-a716-446655440023', 5, true),
('950e8400-e29b-41d4-a716-446655440024', '850e8400-e29b-41d4-a716-446655440023', '650e8400-e29b-41d4-a716-446655440024', 5, true),
('950e8400-e29b-41d4-a716-446655440025', '850e8400-e29b-41d4-a716-446655440024', '650e8400-e29b-41d4-a716-446655440025', 5, true);

-- Insert fake bookings (25 bookings)
INSERT INTO booking (id, item_id, lender_user_id, borrower_user_id, start_date, end_date, daily_rate, total_rent, security_amount, platform_fee, booking_status, delivery_mode, delivery_location, pickup_location, special_instructions, rating_by_borrower, created_at) VALUES
('a50e8400-e29b-41d4-a716-446655440001', '850e8400-e29b-41d4-a716-446655440001', '550e8400-e29b-41d4-a716-446655440001', '550e8400-e29b-41d4-a716-446655440010', '2024-01-15', '2024-01-18', 500.00, 1500.00, 5000.00, 50.00, 'completed', 'delivery', NULL, NULL, 'Handle with care, fragile equipment', 5, NOW() - INTERVAL '20 days'),
('a50e8400-e29b-41d4-a716-446655440002', '850e8400-e29b-41d4-a716-446655440005', '550e8400-e29b-41d4-a716-446655440005', '550e8400-e29b-41d4-a716-446655440015', '2024-01-20', '2024-01-22', 800.00, 1600.00, 8000.00, 60.00, 'completed', 'pickup', NULL, NULL, 'Need for weekend wedding shoot', 4, NOW() - INTERVAL '15 days'),
('a50e8400-e29b-41d4-a716-446655440003', '850e8400-e29b-41d4-a716-446655440009', '550e8400-e29b-41d4-a716-446655440009', '550e8400-e29b-41d4-a716-446655440020', '2024-02-01', '2024-02-05', 1000.00, 4000.00, 10000.00, 100.00, 'confirmed', 'pickup', NULL, NULL, 'For esports tournament practice', NULL, NOW() - INTERVAL '10 days'),
('a50e8400-e29b-41d4-a716-446655440004', '850e8400-e29b-41d4-a716-446655440002', '550e8400-e29b-41d4-a716-446655440002', '550e8400-e29b-41d4-a716-446655440012', '2024-02-10', '2024-02-25', 150.00, 2250.00, 2000.00, 75.00, 'confirmed', 'delivery', NULL, NULL, 'Please assemble at delivery location', NULL, NOW() - INTERVAL '5 days'),
('a50e8400-e29b-41d4-a716-446655440005', '850e8400-e29b-41d4-a716-446655440007', '550e8400-e29b-41d4-a716-446655440007', '550e8400-e29b-41d4-a716-446655440018', '2024-02-14', '2024-02-21', 100.00, 700.00, 1000.00, 30.00, 'confirmed', 'both', NULL, NULL, 'For music event performance', NULL, NOW() - INTERVAL '3 days'),
('a50e8400-e29b-41d4-a716-446655440006', '850e8400-e29b-41d4-a716-446655440021', '550e8400-e29b-41d4-a716-446655440021', '550e8400-e29b-41d4-a716-446655440025', '2024-01-25', '2024-01-27', 2000.00, 4000.00, 15000.00, 80.00, 'completed', 'pickup', NULL, NULL, 'For business meeting and airport transfer', 5, NOW() - INTERVAL '18 days'),
('a50e8400-e29b-41d4-a716-446655440007', '850e8400-e29b-41d4-a716-446655440003', '550e8400-e29b-41d4-a716-446655440003', '550e8400-e29b-41d4-a716-446655440008', '2024-02-05', '2024-02-12', 200.00, 1400.00, 3000.00, 70.00, 'confirmed', 'pickup', NULL, NULL, 'For home workout during renovation', NULL, NOW() - INTERVAL '8 days'),
('a50e8400-e29b-41d4-a716-446655440008', '850e8400-e29b-41d4-a716-446655440018', '550e8400-e29b-41d4-a716-446655440018', '550e8400-e29b-41d4-a716-446655440006', '2024-01-30', '2024-01-31', 500.00, 500.00, 2000.00, 30.00, 'completed', 'delivery', NULL, NULL, 'Setup required by 6 AM', 4, NOW() - INTERVAL '12 days'),
('a50e8400-e29b-41d4-a716-446655440009', '850e8400-e29b-41d4-a716-446655440004', '550e8400-e29b-41d4-a716-446655440004', '550e8400-e29b-41d4-a716-446655440011', '2024-02-08', '2024-02-15', 50.00, 350.00, 500.00, 25.00, 'confirmed', 'pickup', NULL, NULL, 'For reading club monthly event', NULL, NOW() - INTERVAL '6 days'),
('a50e8400-e29b-41d4-a716-446655440010', '850e8400-e29b-41d4-a716-446655440017', '550e8400-e29b-41d4-a716-446655440017', '550e8400-e29b-41d4-a716-446655440022', '2024-01-28', '2024-02-01', 300.00, 1200.00, 3000.00, 50.00, 'completed', 'both', NULL, NULL, 'For real estate photography project', 5, NOW() - INTERVAL '14 days'),
('a50e8400-e29b-41d4-a716-446655440011', '850e8400-e29b-41d4-a716-446655440010', '550e8400-e29b-41d4-a716-446655440010', '550e8400-e29b-41d4-a716-446655440014', '2024-02-12', '2024-02-19', 120.00, 850.00, 1500.00, 40.00, 'confirmed', 'delivery', NULL, NULL, 'For wedding cake preparation', NULL, NOW() - INTERVAL '2 days'),
('a50e8400-e29b-41d4-a716-446655440012', '850e8400-e29b-41d4-a716-446655440013', '550e8400-e29b-41d4-a716-446655440013', '550e8400-e29b-41d4-a716-446655440019', '2024-01-22', '2024-02-05', 180.00, 2500.00, 2000.00, 70.00, 'completed', 'pickup', NULL, NULL, 'For home fitness setup', 4, NOW() - INTERVAL '16 days'),
('a50e8400-e29b-41d4-a716-446655440013', '850e8400-e29b-41d4-a716-446655440006', '550e8400-e29b-41d4-a716-446655440006', '550e8400-e29b-41d4-a716-446655440024', '2024-02-03', '2024-02-10', 80.00, 560.00, 300.00, 30.00, 'confirmed', 'both', NULL, NULL, 'For weekend camping trip', NULL, NOW() - INTERVAL '9 days'),
('a50e8400-e29b-41d4-a716-446655440014', '850e8400-e29b-41d4-a716-446655440023', '550e8400-e29b-41d4-a716-446655440023', '550e8400-e29b-41d4-a716-446655440016', '2024-02-07', '2024-02-14', 80.00, 560.00, 500.00, 30.00, 'confirmed', 'pickup', NULL, NULL, 'For family game night event', NULL, NOW() - INTERVAL '7 days'),
('a50e8400-e29b-41d4-a716-446655440015', '850e8400-e29b-41d4-a716-446655440014', '550e8400-e29b-41d4-a716-446655440014', '550e8400-e29b-41d4-a716-446655440001', '2024-01-18', '2024-01-20', 150.00, 300.00, 1000.00, 30.00, 'completed', 'delivery', NULL, NULL, 'Setup by 7 PM for evening event', 5, NOW() - INTERVAL '17 days'),
('a50e8400-e29b-41d4-a716-446655440016', '850e8400-e29b-41d4-a716-446655440026', '550e8400-e29b-41d4-a716-446655440001', '550e8400-e29b-41d4-a716-446655440013', '2024-02-09', '2024-02-16', 150.00, 1040.00, 1200.00, 40.00, 'in_progress', 'pickup', NULL, NULL, 'For weekend mountain trail', NULL, NOW() - INTERVAL '5 days'),
('a50e8400-e29b-41d4-a716-446655440017', '850e8400-e29b-41d4-a716-446655440028', '550e8400-e29b-41d4-a716-446655440003', '550e8400-e29b-41d4-a716-446655440007', '2024-01-26', '2024-01-28', 400.00, 800.00, 4000.00, 40.00, 'completed', 'pickup', NULL, NULL, 'For wedding reception', 4, NOW() - INTERVAL '16 days'),
('a50e8400-e29b-41d4-a716-446655440018', '850e8400-e29b-41d4-a716-446655440020', '550e8400-e29b-41d4-a716-446655440020', '550e8400-e29b-41d4-a716-446655440002', '2024-02-11', '2024-03-05', 50.00, 1100.00, 300.00, 50.00, 'confirmed', 'delivery', NULL, NULL, 'For yoga teacher training course', NULL, NOW() - INTERVAL '3 days'),
('a50e8400-e29b-41d4-a716-446655440019', '850e8400-e29b-41d4-a716-446655440016', '550e8400-e29b-41d4-a716-446655440016', '550e8400-e29b-41d4-a716-446655440023', '2024-02-01', '2024-02-08', 100.00, 700.00, 800.00, 30.00, 'in_progress', 'both', NULL, NULL, 'For new baby arrival', NULL, NOW() - INTERVAL '11 days'),
('a50e8400-e29b-41d4-a716-446655440020', '850e8400-e29b-41d4-a716-446655440030', '550e8400-e29b-41d4-a716-446655440005', '550e8400-e29b-41d4-a716-446655440017', '2024-02-04', '2024-02-18', 150.00, 2100.00, 1500.00, 50.00, 'in_progress', 'pickup', NULL, NULL, 'For home renovation project', NULL, NOW() - INTERVAL '8 days'),
('a50e8400-e29b-41d4-a716-446655440021', '850e8400-e29b-41d4-a716-446655440008', '550e8400-e29b-41d4-a716-446655440008', '550e8400-e29b-41d4-a716-446655440004', '2024-01-21', '2024-01-22', 75.00, 75.00, 200.00, 30.00, 'completed', 'delivery', NULL, NULL, 'For award ceremony event', 5, NOW() - INTERVAL '19 days'),
('a50e8400-e29b-41d4-a716-446655440022', '850e8400-e29b-41d4-a716-446655440022', '550e8400-e29b-41d4-a716-446655440022', '550e8400-e29b-41d4-a716-446655440005', '2024-01-29', '2024-02-02', 600.00, 2400.00, 5000.00, 50.00, 'completed', 'pickup', NULL, NULL, 'For fashion portfolio shoot', 5, NOW() - INTERVAL '13 days'),
('a50e8400-e29b-41d4-a716-446655440023', '850e8400-e29b-41d4-a716-446655440019', '550e8400-e29b-41d4-a716-446655440019', '550e8400-e29b-41d4-a716-446655440009', '2024-02-06', '2024-02-20', 200.00, 2800.00, 1500.00, 50.00, 'in_progress', 'delivery', NULL, NULL, 'For home automation setup', NULL, NOW() - INTERVAL '6 days'),
('a50e8400-e29b-41d4-a716-446655440024', '850e8400-e29b-41d4-a716-446655440027', '550e8400-e29b-41d4-a716-446655440002', '550e8400-e29b-41d4-a716-446655440012', '2024-02-13', '2024-03-13', 120.00, 3300.00, 1000.00, 90.00, 'confirmed', 'pickup', NULL, NULL, 'For work from home setup', NULL, NOW() - INTERVAL '1 day'),
('a50e8400-e29b-41d4-a716-446655440025', '850e8400-e29b-41d4-a716-446655440024', '550e8400-e29b-41d4-a716-446655440024', '550e8400-e29b-41d4-a716-446655440021', '2024-01-31', '2024-02-07', 120.00, 850.00, 1000.00, 40.00, 'in_progress', 'both', NULL, NULL, 'For corporate team building event', NULL, NOW() - INTERVAL '12 days');

-- Insert fake support requests (25 requests)
INSERT INTO support_req (id, user_id, booking_id, issue_type, subject, description, priority, status, created_at, updated_at) VALUES
('c50e8400-e29b-41d4-a716-446655440001', '550e8400-e29b-41d4-a716-446655440010', 'a50e8400-e29b-41d4-a716-446655440001', 'technical', 'Laptop not starting', 'The MacBook Pro is not turning on after charging overnight. Power button not responding.', 1, 'resolved', NOW() - INTERVAL '19 days', NOW() - INTERVAL '18 days'),
('c50e8400-e29b-41d4-a716-446655440002', '550e8400-e29b-41d4-a716-446655440015', 'a50e8400-e29b-41d4-a716-446655440002', 'item_quality', 'Minor scratch on camera lens', 'Found a small scratch on the camera lens. Does not affect image quality but wanted to report.', 5, 'resolved', NOW() - INTERVAL '14 days', NOW() - INTERVAL '13 days'),
('c50e8400-e29b-41d4-a716-446655440003', '550e8400-e29b-41d4-a716-446655440020', NULL, 'user_behavior', 'Unable to update profile', 'Cannot update my profile picture and bio information. Getting error message.', 2, 'in_progress', NOW() - INTERVAL '9 days', NOW() - INTERVAL '8 days'),
('c50e8400-e29b-41d4-a716-446655440004', '550e8400-e29b-41d4-a716-446655440012', 'a50e8400-e29b-41d4-a716-446655440004', 'delivery', 'Late delivery of sofa', 'Sofa was supposed to be delivered yesterday but did not arrive. Need urgent delivery.', 1, 'resolved', NOW() - INTERVAL '4 days', NOW() - INTERVAL '3 days'),
('c50e8400-e29b-41d4-a716-446655440005', '550e8400-e29b-41d4-a716-446655440018', 'a50e8400-e29b-41d4-a716-446655440005', 'item_quality', 'Guitar strings broken', 'Two guitar strings were broken when I received the instrument. Need replacement.', 2, 'resolved', NOW() - INTERVAL '2 days', NOW() - INTERVAL '1 day'),
('c50e8400-e29b-41d4-a716-446655440006', '550e8400-e29b-41d4-a716-446655440025', NULL, 'payment', 'Refund not received', 'Security deposit refund has not been credited to my account after 7 days.', 1, 'in_progress', NOW() - INTERVAL '15 days', NOW() - INTERVAL '14 days'),
('c50e8400-e29b-41d4-a716-446655440007', '550e8400-e29b-41d4-a716-446655440008', 'a50e8400-e29b-41d4-a716-446655440007', 'technical', 'Treadmill belt slipping', 'The treadmill belt keeps slipping during workout. Safety concern.', 1, 'resolved', NOW() - INTERVAL '7 days', NOW() - INTERVAL '6 days'),
('c50e8400-e29b-41d4-a716-446655440008', '550e8400-e29b-41d4-a716-446655440006', NULL, 'other', 'How to extend rental period', 'Want to extend my tent rental for additional 3 days. How can I do this?', 5, 'resolved', NOW() - INTERVAL '11 days', NOW() - INTERVAL '10 days'),
('c50e8400-e29b-41d4-a716-446655440009', '550e8400-e29b-41d4-a716-446655440011', 'a50e8400-e29b-41d4-a716-446655440009', 'item_quality', 'Book pages torn', 'Found several pages torn in the book collection. Reporting for transparency.', 5, 'resolved', NOW() - INTERVAL '5 days', NOW() - INTERVAL '4 days'),
('c50e8400-e29b-41d4-a716-446655440010', '550e8400-e29b-41d4-a716-446655440022', NULL, 'user_behavior', 'Verification documents rejected', 'My ID verification was rejected. Not sure what is wrong with the documents.', 2, 'in_progress', NOW() - INTERVAL '13 days', NOW() - INTERVAL '12 days'),
('c50e8400-e29b-41d4-a716-446655440011', '550e8400-e29b-41d4-a716-446655440014', 'a50e8400-e29b-41d4-a716-446655440011', 'delivery', 'Mixer delivered to wrong address', 'Kitchen mixer was delivered to wrong address. Need redelivery to correct location.', 1, 'resolved', NOW() - INTERVAL '1 day', NOW()),
('c50e8400-e29b-41d4-a716-446655440012', '550e8400-e29b-41d4-a716-446655440019', NULL, 'technical', 'App crashes on booking', 'Mobile app crashes every time I try to create a new booking. Please fix.', 2, 'open', NOW() - INTERVAL '16 days', NOW() - INTERVAL '16 days'),
('c50e8400-e29b-41d4-a716-446655440013', '550e8400-e29b-41d4-a716-446655440024', 'a50e8400-e29b-41d4-a716-446655440013', 'item_quality', 'Tent has small hole', 'Found a small hole in the tent fabric. Still usable but wanted to report.', 5, 'resolved', NOW() - INTERVAL '8 days', NOW() - INTERVAL '7 days'),
('c50e8400-e29b-41d4-a716-446655440014', '550e8400-e29b-41d4-a716-446655440016', NULL, 'other', 'How to become a verified user', 'Want to know the process and requirements to become a verified user on the platform.', 5, 'resolved', NOW() - INTERVAL '6 days', NOW() - INTERVAL '5 days'),
('c50e8400-e29b-41d4-a716-446655440015', '550e8400-e29b-41d4-a716-446655440001', 'a50e8400-e29b-41d4-a716-446655440015', 'payment', 'Double charge on card', 'My credit card was charged twice for the same booking. Need one charge reversed.', 1, 'resolved', NOW() - INTERVAL '17 days', NOW() - INTERVAL '15 days'),
('c50e8400-e29b-41d4-a716-446655440016', '550e8400-e29b-41d4-a716-446655440013', NULL, 'user_behavior', 'Cannot login with phone number', 'Unable to login using phone number. OTP is not arriving on my mobile.', 1, 'resolved', NOW() - INTERVAL '4 days', NOW() - INTERVAL '3 days'),
('c50e8400-e29b-41d4-a716-446655440017', '550e8400-e29b-41d4-a716-446655440007', 'a50e8400-e29b-41d4-a716-446655440017', 'item_quality', 'DJ mixer knob broken', 'One of the mixer knobs is broken and not responding. Need repair or replacement.', 2, 'in_progress', NOW() - INTERVAL '15 days', NOW() - INTERVAL '14 days'),
('c50e8400-e29b-41d4-a716-446655440018', '550e8400-e29b-41d4-a716-446655440002', NULL, 'other', 'Safety guidelines for rentals', 'Need information about safety guidelines and insurance coverage for rented items.', 5, 'resolved', NOW() - INTERVAL '2 days', NOW() - INTERVAL '1 day'),
('c50e8400-e29b-41d4-a716-446655440019', '550e8400-e29b-41d4-a716-446655440023', 'a50e8400-e29b-41d4-a716-446655440019', 'item_quality', 'Missing game pieces', 'Some board game pieces are missing from the collection. Game is incomplete.', 2, 'resolved', NOW() - INTERVAL '10 days', NOW() - INTERVAL '9 days'),
('c50e8400-e29b-41d4-a716-446655440020', '550e8400-e29b-41d4-a716-446655440017', NULL, 'technical', 'Photo upload failing', 'Cannot upload photos for my item listing. Images are not saving properly.', 2, 'open', NOW() - INTERVAL '7 days', NOW() - INTERVAL '7 days'),
('c50e8400-e29b-41d4-a716-446655440021', '550e8400-e29b-41d4-a716-446655440004', 'a50e8400-e29b-41d4-a716-446655440021', 'delivery', 'Dress delivered in wrong size', 'Evening dress delivered is size L instead of M as ordered. Need size exchange.', 2, 'resolved', NOW() - INTERVAL '18 days', NOW() - INTERVAL '17 days'),
('c50e8400-e29b-41d4-a716-446655440022', '550e8400-e29b-41d4-a716-446655440005', NULL, 'user_behavior', 'Trust score calculation query', 'Want to understand how trust score is calculated and how to improve it.', 5, 'resolved', NOW() - INTERVAL '12 days', NOW() - INTERVAL '11 days'),
('c50e8400-e29b-41d4-a716-446655440023', '550e8400-e29b-41d4-a716-446655440009', 'a50e8400-e29b-41d4-a716-446655440023', 'technical', 'Smart home setup issues', 'Having trouble setting up the smart home system. Need technical assistance.', 2, 'in_progress', NOW() - INTERVAL '5 days', NOW() - INTERVAL '4 days'),
('c50e8400-e29b-41d4-a716-446655440024', '550e8400-e29b-41d4-a716-446655440012', NULL, 'other', 'Bulk booking discount', 'Interested in renting multiple items for office setup. Any bulk discount available?', 5, 'resolved', NOW() - INTERVAL '0 days', NOW() - INTERVAL '0 days'),
('c50e8400-e29b-41d4-a716-446655440025', '550e8400-e29b-41d4-a716-446655440021', 'a50e8400-e29b-41d4-a716-446655440025', 'item_quality', 'Camping gear incomplete', 'Camping bundle missing the portable stove. Only received tent and sleeping bags.', 1, 'resolved', NOW() - INTERVAL '11 days', NOW() - INTERVAL '10 days');

-- Insert fake user favorites (30 favorites)
INSERT INTO user_favorite (id, user_id, item_id, created_at) VALUES
('d50e8400-e29b-41d4-a716-446655440001', '550e8400-e29b-41d4-a716-446655440001', '850e8400-e29b-41d4-a716-446655440005', NOW() - INTERVAL '10 days'),
('d50e8400-e29b-41d4-a716-446655440002', '550e8400-e29b-41d4-a716-446655440001', '850e8400-e29b-41d4-a716-446655440009', NOW() - INTERVAL '8 days'),
('d50e8400-e29b-41d4-a716-446655440003', '550e8400-e29b-41d4-a716-446655440002', '850e8400-e29b-41d4-a716-446655440001', NOW() - INTERVAL '15 days'),
('d50e8400-e29b-41d4-a716-446655440004', '550e8400-e29b-41d4-a716-446655440002', '850e8400-e29b-41d4-a716-446655440017', NOW() - INTERVAL '12 days'),
('d50e8400-e29b-41d4-a716-446655440005', '550e8400-e29b-41d4-a716-446655440003', '850e8400-e29b-41d4-a716-446655440013', NOW() - INTERVAL '5 days'),
('d50e8400-e29b-41d4-a716-446655440006', '550e8400-e29b-41d4-a716-446655440003', '850e8400-e29b-41d4-a716-446655440020', NOW() - INTERVAL '7 days'),
('d50e8400-e29b-41d4-a716-446655440007', '550e8400-e29b-41d4-a716-446655440004', '850e8400-e29b-41d4-a716-446655440012', NOW() - INTERVAL '3 days'),
('d50e8400-e29b-41d4-a716-446655440008', '550e8400-e29b-41d4-a716-446655440005', '850e8400-e29b-41d4-a716-446655440001', NOW() - INTERVAL '20 days'),
('d50e8400-e29b-41d4-a716-446655440009', '550e8400-e29b-41d4-a716-446655440005', '850e8400-e29b-41d4-a716-446655440022', NOW() - INTERVAL '6 days'),
('d50e8400-e29b-41d4-a716-446655440010', '550e8400-e29b-41d4-a716-446655440006', '850e8400-e29b-41d4-a716-446655440024', NOW() - INTERVAL '14 days'),
('d50e8400-e29b-41d4-a716-446655440011', '550e8400-e29b-41d4-a716-446655440007', '850e8400-e29b-41d4-a716-446655440007', NOW() - INTERVAL '18 days'),
('d50e8400-e29b-41d4-a716-446655440012', '550e8400-e29b-41d4-a716-446655440007', '850e8400-e29b-41d4-a716-446655440028', NOW() - INTERVAL '4 days'),
('d50e8400-e29b-41d4-a716-446655440013', '550e8400-e29b-41d4-a716-446655440008', '850e8400-e29b-41d4-a716-446655440008', NOW() - INTERVAL '11 days'),
('d50e8400-e29b-41d4-a716-446655440014', '550e8400-e29b-41d4-a716-446655440009', '850e8400-e29b-41d4-a716-446655440009', NOW() - INTERVAL '16 days'),
('d50e8400-e29b-41d4-a716-446655440015', '550e8400-e29b-41d4-a716-446655440009', '850e8400-e29b-41d4-a716-446655440019', NOW() - INTERVAL '2 days'),
('d50e8400-e29b-41d4-a716-446655440016', '550e8400-e29b-41d4-a716-446655440010', '850e8400-e29b-41d4-a716-446655440010', NOW() - INTERVAL '9 days'),
('d50e8400-e29b-41d4-a716-446655440017', '550e8400-e29b-41d4-a716-446655440011', '850e8400-e29b-41d4-a716-446655440004', NOW() - INTERVAL '13 days'),
('d50e8400-e29b-41d4-a716-446655440018', '550e8400-e29b-41d4-a716-446655440012', '850e8400-e29b-41d4-a716-446655440027', NOW() - INTERVAL '1 day'),
('d50e8400-e29b-41d4-a716-446655440019', '550e8400-e29b-41d4-a716-446655440013', '850e8400-e29b-41d4-a716-446655440026', NOW() - INTERVAL '17 days'),
('d50e8400-e29b-41d4-a716-446655440020', '550e8400-e29b-41d4-a716-446655440014', '850e8400-e29b-41d4-a716-446655440014', NOW() - INTERVAL '19 days'),
('d50e8400-e29b-41d4-a716-446655440021', '550e8400-e29b-41d4-a716-446655440015', '850e8400-e29b-41d4-a716-446655440015', NOW() - INTERVAL '8 days'),
('d50e8400-e29b-41d4-a716-446655440022', '550e8400-e29b-41d4-a716-446655440016', '850e8400-e29b-41d4-a716-446655440016', NOW() - INTERVAL '6 days'),
('d50e8400-e29b-41d4-a716-446655440023', '550e8400-e29b-41d4-a716-446655440017', '850e8400-e29b-41d4-a716-446655440030', NOW() - INTERVAL '12 days'),
('d50e8400-e29b-41d4-a716-446655440024', '550e8400-e29b-41d4-a716-446655440018', '850e8400-e29b-41d4-a716-446655440018', NOW() - INTERVAL '4 days'),
('d50e8400-e29b-41d4-a716-446655440025', '550e8400-e29b-41d4-a716-446655440019', '850e8400-e29b-41d4-a716-446655440019', NOW() - INTERVAL '15 days'),
('d50e8400-e29b-41d4-a716-446655440026', '550e8400-e29b-41d4-a716-446655440020', '850e8400-e29b-41d4-a716-446655440020', NOW() - INTERVAL '11 days'),
('d50e8400-e29b-41d4-a716-446655440027', '550e8400-e29b-41d4-a716-446655440021', '850e8400-e29b-41d4-a716-446655440021', NOW() - INTERVAL '3 days'),
('d50e8400-e29b-41d4-a716-446655440028', '550e8400-e29b-41d4-a716-446655440022', '850e8400-e29b-41d4-a716-446655440022', NOW() - INTERVAL '7 days'),
('d50e8400-e29b-41d4-a716-446655440029', '550e8400-e29b-41d4-a716-446655440023', '850e8400-e29b-41d4-a716-446655440023', NOW() - INTERVAL '14 days'),
('d50e8400-e29b-41d4-a716-446655440030', '550e8400-e29b-41d4-a716-446655440024', '850e8400-e29b-41d4-a716-446655440025', NOW() - INTERVAL '5 days');

-- Insert fake item reviews (25 reviews for completed bookings)
INSERT INTO item_review (id, item_id, user_id, booking_id, rating, review_text, is_verified, created_at) VALUES
('e50e8400-e29b-41d4-a716-446655440001', '850e8400-e29b-41d4-a716-446655440001', '550e8400-e29b-41d4-a716-446655440010', 'a50e8400-e29b-41d4-a716-446655440001', 5, 'Excellent MacBook Pro! Works perfectly for development work. Owner was very cooperative and responsive.', true, NOW() - INTERVAL '18 days'),
('e50e8400-e29b-41d4-a716-446655440002', '850e8400-e29b-41d4-a716-446655440005', '550e8400-e29b-41d4-a716-446655440015', 'a50e8400-e29b-41d4-a716-446655440002', 4, 'Great camera with excellent image quality. Minor scratch on lens but doesn''t affect photos. Good value!', true, NOW() - INTERVAL '13 days'),
('e50e8400-e29b-41d4-a716-446655440003', '850e8400-e29b-41d4-a716-446655440021', '550e8400-e29b-41d4-a716-446655440025', 'a50e8400-e29b-41d4-a716-446655440006', 5, 'Amazing BMW! Perfect for business meetings. Clean, well-maintained, and drives smoothly. Highly recommended!', true, NOW() - INTERVAL '16 days'),
('e50e8400-e29b-41d4-a716-446655440004', '850e8400-e29b-41d4-a716-446655440018', '550e8400-e29b-41d4-a716-446655440006', 'a50e8400-e29b-41d4-a716-446655440008', 4, 'Beautiful wedding decorations! Setup was done professionally and on time. Made our event very special.', true, NOW() - INTERVAL '10 days'),
('e50e8400-e29b-41d4-a716-446655440005', '850e8400-e29b-41d4-a716-446655440017', '550e8400-e29b-41d4-a716-446655440022', 'a50e8400-e29b-41d4-a716-446655440010', 5, 'Fantastic drone for real estate photography. Easy to operate, excellent video quality. Owner provided good instructions.', true, NOW() - INTERVAL '12 days'),
('e50e8400-e29b-41d4-a716-446655440006', '850e8400-e29b-41d4-a716-446655440013', '550e8400-e29b-41d4-a716-446655440019', 'a50e8400-e29b-41d4-a716-446655440012', 4, 'Good quality dumbbells set. Weight adjustment is smooth. Great for home workouts during gym closure.', true, NOW() - INTERVAL '14 days'),
('e50e8400-e29b-41d4-a716-446655440007', '850e8400-e29b-41d4-a716-446655440014', '550e8400-e29b-41d4-a716-446655440001', 'a50e8400-e29b-41d4-a716-446655440015', 5, 'Perfect LED lighting setup for our party! Easy to set up and great effects. Everyone loved the ambiance!', true, NOW() - INTERVAL '15 days'),
('e50e8400-e29b-41d4-a716-446655440008', '850e8400-e29b-41d4-a716-446655440028', '550e8400-e29b-41d4-a716-446655440007', 'a50e8400-e29b-41d4-a716-446655440017', 4, 'Professional DJ equipment in good condition. One mixer knob was a bit sticky but overall great sound quality.', true, NOW() - INTERVAL '14 days'),
('e50e8400-e29b-41d4-a716-446655440009', '850e8400-e29b-41d4-a716-446655440008', '550e8400-e29b-41d4-a716-446655440004', 'a50e8400-e29b-41d4-a716-446655440021', 5, 'Beautiful dress, perfect fit for the award ceremony. Elegant design and high quality fabric. Thank you!', true, NOW() - INTERVAL '17 days'),
('e50e8400-e29b-41d4-a716-446655440010', '850e8400-e29b-41d4-a716-446655440022', '550e8400-e29b-41d4-a716-446655440005', 'a50e8400-e29b-41d4-a716-446655440022', 5, 'Excellent photography studio setup! Professional lighting and clean backdrops. Perfect for fashion shoot.', true, NOW() - INTERVAL '11 days'),
('e50e8400-e29b-41d4-a716-446655440011', '850e8400-e29b-41d4-a716-446655440002', '550e8400-e29b-41d4-a716-446655440012', NULL, 4, 'Comfortable sectional sofa. Good condition and fits perfectly in the living room. Delivery was smooth.', false, NOW() - INTERVAL '3 days'),
('e50e8400-e29b-41d4-a716-446655440012', '850e8400-e29b-41d4-a716-446655440007', '550e8400-e29b-41d4-a716-446655440018', NULL, 5, 'Amazing acoustic guitar! Great sound quality and easy to play. Perfect for our music event performance.', false, NOW() - INTERVAL '1 day'),
('e50e8400-e29b-41d4-a716-446655440013', '850e8400-e29b-41d4-a716-446655440004', '550e8400-e29b-41d4-a716-446655440011', NULL, 5, 'Fantastic book collection! Wide variety of genres and all books in good condition. Great for book club.', false, NOW() - INTERVAL '4 days'),
('e50e8400-e29b-41d4-a716-446655440014', '850e8400-e29b-41d4-a716-446655440010', '550e8400-e29b-41d4-a716-446655440014', NULL, 4, 'Good kitchen mixer with multiple attachments. Perfect for wedding cake preparation. Easy to use.', false, NOW() - INTERVAL '0 days'),
('e50e8400-e29b-41d4-a716-446655440015', '850e8400-e29b-41d4-a716-446655440026', '550e8400-e29b-41d4-a716-446655440013', NULL, 4, 'Nice mountain bike in good condition. Perfect for weekend trails. Gears work smoothly.', false, NOW() - INTERVAL '3 days'),
('e50e8400-e29b-41d4-a716-446655440016', '850e8400-e29b-41d4-a716-446655440020', '550e8400-e29b-41d4-a716-446655440002', NULL, 4, 'Complete yoga set with all necessary equipment. Mats are clean and blocks are sturdy. Good quality!', false, NOW() - INTERVAL '1 day'),
('e50e8400-e29b-41d4-a716-446655440017', '850e8400-e29b-41d4-a716-446655440016', '550e8400-e29b-41d4-a716-446655440023', NULL, 5, 'Excellent baby stroller! Easy to fold and unfold. Rain cover is very useful. Highly recommend for new parents.', false, NOW() - INTERVAL '9 days'),
('e50e8400-e29b-41d4-a716-446655440018', '850e8400-e29b-41d4-a716-446655440030', '550e8400-e29b-41d4-a716-446655440017', NULL, 4, 'Good power tools kit for home renovation. All tools work well and case is sturdy. Great value for money.', false, NOW() - INTERVAL '6 days'),
('e50e8400-e29b-41d4-a716-446655440019', '850e8400-e29b-41d4-a716-446655440024', '550e8400-e29b-41d4-a716-446655440021', NULL, 4, 'Complete camping bundle with everything needed. Tent is waterproof and sleeping bags are comfortable.', false, NOW() - INTERVAL '10 days'),
('e50e8400-e29b-41d4-a716-446655440020', '850e8400-e29b-41d4-a716-446655440003', '550e8400-e29b-41d4-a716-446655440008', NULL, 4, 'Professional treadmill in good working condition. Belt was a bit loose initially but got fixed quickly.', false, NOW() - INTERVAL '6 days'),
('e50e8400-e29b-41d4-a716-446655440021', '850e8400-e29b-41d4-a716-446655440006', '550e8400-e29b-41d4-a716-446655440024', NULL, 4, 'Good camping tent, easy to set up. Small hole was already reported and doesn''t affect functionality.', false, NOW() - INTERVAL '7 days'),
('e50e8400-e29b-41d4-a716-446655440022', '850e8400-e29b-41d4-a716-446655440023', '550e8400-e29b-41d4-a716-446655440016', NULL, 5, 'Amazing board game collection! Great variety and all games complete. Perfect for family game nights.', false, NOW() - INTERVAL '5 days'),
('e50e8400-e29b-41d4-a716-446655440023', '850e8400-e29b-41d4-a716-446655440019', '550e8400-e29b-41d4-a716-446655440009', NULL, 5, 'Excellent smart home system! Easy setup with great app integration. Voice control works perfectly.', false, NOW() - INTERVAL '4 days'),
('e50e8400-e29b-41d4-a716-446655440024', '850e8400-e29b-41d4-a716-446655440027', '550e8400-e29b-41d4-a716-446655440012', NULL, 4, 'Good office desk setup. Desk is sturdy and chair is comfortable. Perfect for work from home setup.', false, NOW() - INTERVAL '0 days'),
('e50e8400-e29b-41d4-a716-446655440025', '850e8400-e29b-41d4-a716-446655440009', '550e8400-e29b-41d4-a716-446655440020', NULL, 5, 'Outstanding gaming PC setup! Ultra smooth performance and RGB lighting looks amazing. Perfect for tournaments!', false, NOW() - INTERVAL '8 days');

-- Insert fake analytics events (50 events)
INSERT INTO analytics_event (id, event_type, item_id, user_id, session_id, device_id, event_timestamp, ip_address, user_agent, referrer, additional_data) VALUES
('f50e8400-e29b-41d4-a716-446655440001', 'item_view', '850e8400-e29b-41d4-a716-446655440001', '550e8400-e29b-41d4-a716-446655440005', uuid_generate_v4(), '750e8400-e29b-41d4-a716-446655440005', NOW() - INTERVAL '5 hours', '192.168.1.100', 'Mozilla/5.0 (Android 12; Mobile)', 'https://google.com', '{"duration": 45, "source": "search"}'),
('f50e8400-e29b-41d4-a716-446655440002', 'item_view', '850e8400-e29b-41d4-a716-446655440009', '550e8400-e29b-41d4-a716-446655440012', uuid_generate_v4(), '750e8400-e29b-41d4-a716-446655440012', NOW() - INTERVAL '3 hours', '192.168.1.101', 'Mozilla/5.0 (Windows NT 10.0)', 'https://facebook.com', '{"duration": 120, "source": "social"}'),
('f50e8400-e29b-41d4-a716-446655440003', 'booking_created', '850e8400-e29b-41d4-a716-446655440005', '550e8400-e29b-41d4-a716-446655440015', uuid_generate_v4(), '750e8400-e29b-41d4-a716-446655440002', NOW() - INTERVAL '15 days', '192.168.1.102', 'Mozilla/5.0 (iPhone; iOS 16.2)', NULL, '{"booking_id": "a50e8400-e29b-41d4-a716-446655440002", "amount": 1660.00}'),
('f50e8400-e29b-41d4-a716-446655440004', 'booking_confirmed', '850e8400-e29b-41d4-a716-446655440001', '550e8400-e29b-41d4-a716-446655440010', uuid_generate_v4(), '750e8400-e29b-41d4-a716-446655440010', NOW() - INTERVAL '20 days', '192.168.1.103', 'Mozilla/5.0 (iPhone; iOS 16.1)', 'https://app.rentalapp.com', '{"booking_id": "a50e8400-e29b-41d4-a716-446655440001", "payment_method": "upi"}'),
('f50e8400-e29b-41d4-a716-446655440005', 'user_registration', NULL, '550e8400-e29b-41d4-a716-446655440025', uuid_generate_v4(), '750e8400-e29b-41d4-a716-446655440025', NOW() - INTERVAL '30 days', '192.168.1.104', 'Mozilla/5.0 (macOS 13)', NULL, '{"registration_method": "email", "referral_source": "organic"}'),
('f50e8400-e29b-41d4-a716-446655440006', 'item_favorited', '850e8400-e29b-41d4-a716-446655440017', '550e8400-e29b-41d4-a716-446655440002', uuid_generate_v4(), '750e8400-e29b-41d4-a716-446655440002', NOW() - INTERVAL '12 days', '192.168.1.105', 'Mozilla/5.0 (iPhone; iOS 16.2)', 'https://app.rentalapp.com', '{"category": "Photography"}'),
('f50e8400-e29b-41d4-a716-446655440007', 'search_performed', NULL, '550e8400-e29b-41d4-a716-446655440008', uuid_generate_v4(), '750e8400-e29b-41d4-a716-446655440008', NOW() - INTERVAL '2 hours', '192.168.1.106', 'Mozilla/5.0 (Android 11)', NULL, '{"query": "gaming laptop", "results_count": 5, "filters_applied": ["price_range", "location"]}'),
('f50e8400-e29b-41d4-a716-446655440008', 'item_view', '850e8400-e29b-41d4-a716-446655440013', '550e8400-e29b-41d4-a716-446655440019', uuid_generate_v4(), '750e8400-e29b-41d4-a716-446655440020', NOW() - INTERVAL '6 hours', '192.168.1.107', 'Mozilla/5.0 (Android 13)', 'https://google.com', '{"duration": 85, "source": "search"}'),
('f50e8400-e29b-41d4-a716-446655440009', 'payment_completed', '850e8400-e29b-41d4-a716-446655440021', '550e8400-e29b-41d4-a716-446655440025', uuid_generate_v4(), '750e8400-e29b-41d4-a716-446655440021', NOW() - INTERVAL '18 days', '192.168.1.108', 'Mozilla/5.0 (Windows NT 11)', 'https://app.rentalapp.com', '{"payment_id": "b50e8400-e29b-41d4-a716-446655440008", "method": "card", "amount": 4080.00}'),
('f50e8400-e29b-41d4-a716-446655440010', 'item_listed', '850e8400-e29b-41d4-a716-446655440030', '550e8400-e29b-41d4-a716-446655440005', uuid_generate_v4(), '750e8400-e29b-41d4-a716-446655440025', NOW() - INTERVAL '25 days', '192.168.1.109', 'Mozilla/5.0 (macOS 13)', NULL, '{"category": "Tools & Equipment", "price": 150.00}'),
('f50e8400-e29b-41d4-a716-446655440011', 'item_view', '850e8400-e29b-41d4-a716-446655440022', '550e8400-e29b-41d4-a716-446655440003', uuid_generate_v4(), '750e8400-e29b-41d4-a716-446655440003', NOW() - INTERVAL '8 hours', '192.168.1.110', 'Mozilla/5.0 (Chrome 108)', 'https://instagram.com', '{"duration": 95, "source": "social"}'),
('f50e8400-e29b-41d4-a716-446655440012', 'review_submitted', '850e8400-e29b-41d4-a716-446655440001', '550e8400-e29b-41d4-a716-446655440010', uuid_generate_v4(), '750e8400-e29b-41d4-a716-446655440010', NOW() - INTERVAL '18 days', '192.168.1.111', 'Mozilla/5.0 (iPhone; iOS 16.1)', 'https://app.rentalapp.com', '{"rating": 5, "review_id": "e50e8400-e29b-41d4-a716-446655440001"}'),
('f50e8400-e29b-41d4-a716-446655440013', 'item_view', '850e8400-e29b-41d4-a716-446655440026', '550e8400-e29b-41d4-a716-446655440007', uuid_generate_v4(), '750e8400-e29b-41d4-a716-446655440007', NOW() - INTERVAL '4 hours', '192.168.1.112', 'Mozilla/5.0 (Firefox 108)', NULL, '{"duration": 72, "source": "direct"}'),
('f50e8400-e29b-41d4-a716-446655440014', 'support_ticket_created', NULL, '550e8400-e29b-41d4-a716-446655440010', uuid_generate_v4(), '750e8400-e29b-41d4-a716-446655440010', NOW() - INTERVAL '19 days', '192.168.1.113', 'Mozilla/5.0 (iPhone; iOS 16.1)', 'https://app.rentalapp.com', '{"ticket_id": "c50e8400-e29b-41d4-a716-446655440001", "category": "technical"}'),
('f50e8400-e29b-41d4-a716-446655440015', 'item_view', '850e8400-e29b-41d4-a716-446655440007', '550e8400-e29b-41d4-a716-446655440024', uuid_generate_v4(), '750e8400-e29b-41d4-a716-446655440024', NOW() - INTERVAL '7 hours', '192.168.1.114', 'Mozilla/5.0 (Android 11)', 'https://whatsapp.com', '{"duration": 110, "source": "messaging"}'),
('f50e8400-e29b-41d4-a716-446655440016', 'booking_cancelled', '850e8400-e29b-41d4-a716-446655440011', '550e8400-e29b-41d4-a716-446655440014', uuid_generate_v4(), '750e8400-e29b-41d4-a716-446655440014', NOW() - INTERVAL '3 days', '192.168.1.115', 'Mozilla/5.0 (iPhone; iOS 16.0)', 'https://app.rentalapp.com', '{"booking_id": "cancelled_booking_001", "reason": "change_of_plans"}'),
('f50e8400-e29b-41d4-a716-446655440017', 'item_view', '850e8400-e29b-41d4-a716-446655440015', '550e8400-e29b-41d4-a716-446655440011', uuid_generate_v4(), '750e8400-e29b-41d4-a716-446655440011', NOW() - INTERVAL '9 hours', '192.168.1.116', 'Mozilla/5.0 (Safari 16)', NULL, '{"duration": 55, "source": "bookmark"}'),
('f50e8400-e29b-41d4-a716-446655440018', 'user_profile_updated', NULL, '550e8400-e29b-41d4-a716-446655440020', uuid_generate_v4(), '750e8400-e29b-41d4-a716-446655440020', NOW() - INTERVAL '5 days', '192.168.1.117', 'Mozilla/5.0 (Android 13)', 'https://app.rentalapp.com', '{"fields_updated": ["bio", "avatar_url"]}'),
('f50e8400-e29b-41d4-a716-446655440019', 'item_view', '850e8400-e29b-41d4-a716-446655440028', '550e8400-e29b-41d4-a716-446655440016', uuid_generate_v4(), '750e8400-e29b-41d4-a716-446655440016', NOW() - INTERVAL '1 hour', '192.168.1.118', 'Mozilla/5.0 (Android 12)', 'https://youtube.com', '{"duration": 135, "source": "video"}'),
('f50e8400-e29b-41d4-a716-446655440020', 'password_reset', NULL, '550e8400-e29b-41d4-a716-446655440013', uuid_generate_v4(), '750e8400-e29b-41d4-a716-446655440013', NOW() - INTERVAL '8 days', '192.168.1.119', 'Mozilla/5.0 (Windows NT 10.0)', 'https://app.rentalapp.com', '{"method": "email", "success": true}'),
('f50e8400-e29b-41d4-a716-446655440021', 'item_view', '850e8400-e29b-41d4-a716-446655440019', '550e8400-e29b-41d4-a716-446655440022', uuid_generate_v4(), '750e8400-e29b-41d4-a716-446655440022', NOW() - INTERVAL '12 hours', '192.168.1.120', 'Mozilla/5.0 (iPhone; iOS 16.2)', NULL, '{"duration": 88, "source": "notification"}'),
('f50e8400-e29b-41d4-a716-446655440022', 'app_opened', NULL, '550e8400-e29b-41d4-a716-446655440001', uuid_generate_v4(), '750e8400-e29b-41d4-a716-446655440001', NOW() - INTERVAL '30 minutes', '192.168.1.121', 'Mozilla/5.0 (Android 13)', NULL, '{"session_duration": 1800, "features_used": ["search", "favorites"]}'),
('f50e8400-e29b-41d4-a716-446655440023', 'item_view', '850e8400-e29b-41d4-a716-446655440024', '550e8400-e29b-41d4-a716-446655440018', uuid_generate_v4(), '750e8400-e29b-41d4-a716-446655440018', NOW() - INTERVAL '14 hours', '192.168.1.122', 'Mozilla/5.0 (iPhone; iOS 15.7)', 'https://twitter.com', '{"duration": 67, "source": "social"}'),
('f50e8400-e29b-41d4-a716-446655440024', 'filter_applied', NULL, '550e8400-e29b-41d4-a716-446655440006', uuid_generate_v4(), '750e8400-e29b-41d4-a716-446655440006', NOW() - INTERVAL '10 hours', '192.168.1.123', 'Mozilla/5.0 (iPhone; iOS 15.8)', 'https://app.rentalapp.com', '{"filters": ["category:Travel & Luggage", "price_max:200"], "results": 12}'),
('f50e8400-e29b-41d4-a716-446655440025', 'item_view', '850e8400-e29b-41d4-a716-446655440029', '550e8400-e29b-41d4-a716-446655440023', uuid_generate_v4(), '750e8400-e29b-41d4-a716-446655440023', NOW() - INTERVAL '16 hours', '192.168.1.124', 'Mozilla/5.0 (Firefox 107)', NULL, '{"duration": 92, "source": "direct"}'),
('f50e8400-e29b-41d4-a716-446655440026', 'item_view', '850e8400-e29b-41d4-a716-446655440004', '550e8400-e29b-41d4-a716-446655440017', uuid_generate_v4(), '750e8400-e29b-41d4-a716-446655440017', NOW() - INTERVAL '20 hours', '192.168.1.125', 'Mozilla/5.0 (macOS 12)', 'https://linkedin.com', '{"duration": 156, "source": "professional"}'),
('f50e8400-e29b-41d4-a716-446655440027', 'notification_clicked', NULL, '550e8400-e29b-41d4-a716-446655440009', uuid_generate_v4(), '750e8400-e29b-41d4-a716-446655440009', NOW() - INTERVAL '2 days', '192.168.1.126', 'Mozilla/5.0 (macOS 13)', NULL, '{"notification_type": "booking_reminder", "action": "open_booking"}'),
('f50e8400-e29b-41d4-a716-446655440028', 'item_view', '850e8400-e29b-41d4-a716-446655440003', '550e8400-e29b-41d4-a716-446655440004', uuid_generate_v4(), '750e8400-e29b-41d4-a716-446655440004', NOW() - INTERVAL '18 hours', '192.168.1.127', 'Mozilla/5.0 (Windows NT 11)', 'https://pinterest.com', '{"duration": 78, "source": "image_search"}'),
('f50e8400-e29b-41d4-a716-446655440029', 'category_viewed', NULL, '550e8400-e29b-41d4-a716-446655440014', uuid_generate_v4(), '750e8400-e29b-41d4-a716-446655440014', NOW() - INTERVAL '6 hours', '192.168.1.128', 'Mozilla/5.0 (iPhone; iOS 16.0)', 'https://app.rentalapp.com', '{"category": "Events & Party", "items_viewed": 8}'),
('f50e8400-e29b-41d4-a716-446655440030', 'item_view', '850e8400-e29b-41d4-a716-446655440025', '550e8400-e29b-41d4-a716-446655440021', uuid_generate_v4(), '750e8400-e29b-41d4-a716-446655440021', NOW() - INTERVAL '22 hours', '192.168.1.129', 'Mozilla/5.0 (Windows NT 11)', NULL, '{"duration": 65, "source": "bookmark"}'),
('f50e8400-e29b-41d4-a716-446655440031', 'item_view', '850e8400-e29b-41d4-a716-446655440008', '550e8400-e29b-41d4-a716-446655440025', uuid_generate_v4(), '750e8400-e29b-41d4-a716-446655440025', NOW() - INTERVAL '24 hours', '192.168.1.130', 'Mozilla/5.0 (macOS 13)', 'https://google.com', '{"duration": 123, "source": "search"}'),
('f50e8400-e29b-41d4-a716-446655440032', 'wishlist_shared', NULL, '550e8400-e29b-41d4-a716-446655440002', uuid_generate_v4(), '750e8400-e29b-41d4-a716-446655440002', NOW() - INTERVAL '4 days', '192.168.1.131', 'Mozilla/5.0 (iPhone; iOS 16.2)', 'https://app.rentalapp.com', '{"items_count": 5, "shared_via": "whatsapp"}'),
('f50e8400-e29b-41d4-a716-446655440033', 'item_view', '850e8400-e29b-41d4-a716-446655440012', '550e8400-e29b-41d4-a716-446655440015', uuid_generate_v4(), '750e8400-e29b-41d4-a716-446655440015', NOW() - INTERVAL '26 hours', '192.168.1.132', 'Mozilla/5.0 (Edge 108)', 'https://bing.com', '{"duration": 98, "source": "search"}'),
('f50e8400-e29b-41d4-a716-446655440034', 'location_changed', NULL, '550e8400-e29b-41d4-a716-446655440019', uuid_generate_v4(), '750e8400-e29b-41d4-a716-446655440019', NOW() - INTERVAL '7 days', '192.168.1.133', 'Mozilla/5.0 (Android 13)', 'https://app.rentalapp.com', '{"old_location": "Mumbai", "new_location": "Pune"}'),
('f50e8400-e29b-41d4-a716-446655440035', 'item_view', '850e8400-e29b-41d4-a716-446655440023', '550e8400-e29b-41d4-a716-446655440010', uuid_generate_v4(), '750e8400-e29b-41d4-a716-446655440010', NOW() - INTERVAL '28 hours', '192.168.1.134', 'Mozilla/5.0 (iPhone; iOS 16.1)', NULL, '{"duration": 87, "source": "recommendation"}'),
('f50e8400-e29b-41d4-a716-446655440036', 'email_opened', NULL, '550e8400-e29b-41d4-a716-446655440011', uuid_generate_v4(), NULL, NOW() - INTERVAL '3 days', '192.168.1.135', 'Email Client', 'https://email.provider.com', '{"email_type": "booking_confirmation", "device": "mobile"}'),
('f50e8400-e29b-41d4-a716-446655440037', 'item_view', '850e8400-e29b-41d4-a716-446655440027', '550e8400-e29b-41d4-a716-446655440008', uuid_generate_v4(), '750e8400-e29b-41d4-a716-446655440008', NOW() - INTERVAL '30 hours', '192.168.1.136', 'Mozilla/5.0 (Android 11)', 'https://reddit.com', '{"duration": 143, "source": "forum"}'),
('f50e8400-e29b-41d4-a716-446655440038', 'feature_used', NULL, '550e8400-e29b-41d4-a716-446655440012', uuid_generate_v4(), '750e8400-e29b-41d4-a716-446655440012', NOW() - INTERVAL '1 day', '192.168.1.137', 'Mozilla/5.0 (Windows NT 10.0)', 'https://app.rentalapp.com', '{"feature": "price_comparison", "items_compared": 3}'),
('f50e8400-e29b-41d4-a716-446655440039', 'item_view', '850e8400-e29b-41d4-a716-446655440020', '550e8400-e29b-41d4-a716-446655440007', uuid_generate_v4(), '750e8400-e29b-41d4-a716-446655440007', NOW() - INTERVAL '32 hours', '192.168.1.138', 'Mozilla/5.0 (Firefox 108)', 'https://duckduckgo.com', '{"duration": 76, "source": "privacy_search"}'),
('f50e8400-e29b-41d4-a716-446655440040', 'item_view', '850e8400-e29b-41d4-a716-446655440014', '550e8400-e29b-41d4-a716-446655440005', uuid_generate_v4(), '750e8400-e29b-41d4-a716-446655440005', NOW() - INTERVAL '34 hours', '192.168.1.139', 'Mozilla/5.0 (Android 12)', NULL, '{"duration": 119, "source": "push_notification"}'),
('f50e8400-e29b-41d4-a716-446655440041', 'tutorial_completed', NULL, '550e8400-e29b-41d4-a716-446655440024', uuid_generate_v4(), '750e8400-e29b-41d4-a716-446655440024', NOW() - INTERVAL '12 days', '192.168.1.140', 'Mozilla/5.0 (Android 11)', 'https://app.rentalapp.com', '{"tutorial": "first_booking", "completion_time": 180}'),
('f50e8400-e29b-41d4-a716-446655440042', 'item_view', '850e8400-e29b-41d4-a716-446655440016', '550e8400-e29b-41d4-a716-446655440013', uuid_generate_v4(), '750e8400-e29b-41d4-a716-446655440013', NOW() - INTERVAL '36 hours', '192.168.1.141', 'Mozilla/5.0 (Windows NT 10.0)', 'https://yahoo.com', '{"duration": 89, "source": "search"}'),
('f50e8400-e29b-41d4-a716-446655440043', 'error_occurred', NULL, '550e8400-e29b-41d4-a716-446655440003', uuid_generate_v4(), '750e8400-e29b-41d4-a716-446655440003', NOW() - INTERVAL '6 days', '192.168.1.142', 'Mozilla/5.0 (Chrome 108)', 'https://app.rentalapp.com', '{"error_type": "payment_failed", "error_code": "insufficient_funds"}'),
('f50e8400-e29b-41d4-a716-446655440044', 'item_view', '850e8400-e29b-41d4-a716-446655440018', '550e8400-e29b-41d4-a716-446655440012', uuid_generate_v4(), '750e8400-e29b-41d4-a716-446655440012', NOW() - INTERVAL '38 hours', '192.168.1.143', 'Mozilla/5.0 (Windows NT 10.0)', NULL, '{"duration": 156, "source": "favorites_list"}'),
('f50e8400-e29b-41d4-a716-446655440045', 'referral_completed', NULL, '550e8400-e29b-41d4-a716-446655440006', uuid_generate_v4(), '750e8400-e29b-41d4-a716-446655440006', NOW() - INTERVAL '9 days', '192.168.1.144', 'Mozilla/5.0 (iPhone; iOS 15.8)', 'https://app.rentalapp.com', '{"referred_user": "550e8400-e29b-41d4-a716-446655440025", "reward_earned": 100}'),
('f50e8400-e29b-41d4-a716-446655440046', 'item_view', '850e8400-e29b-41d4-a716-446655440006', '550e8400-e29b-41d4-a716-446655440020', uuid_generate_v4(), '750e8400-e29b-41d4-a716-446655440020', NOW() - INTERVAL '40 hours', '192.168.1.145', 'Mozilla/5.0 (Android 13)', 'https://google.com', '{"duration": 94, "source": "image_search"}'),
('f50e8400-e29b-41d4-a716-446655440047', 'subscription_purchased', NULL, '550e8400-e29b-41d4-a716-446655440022', uuid_generate_v4(), '750e8400-e29b-41d4-a716-446655440022', NOW() - INTERVAL '14 days', '192.168.1.146', 'Mozilla/5.0 (iPhone; iOS 16.2)', 'https://app.rentalapp.com', '{"plan": "premium", "duration": "monthly", "amount": 299}'),
('f50e8400-e29b-41d4-a716-446655440048', 'item_view', '850e8400-e29b-41d4-a716-446655440010', '550e8400-e29b-41d4-a716-446655440016', uuid_generate_v4(), '750e8400-e29b-41d4-a716-446655440016', NOW() - INTERVAL '42 hours', '192.168.1.147', 'Mozilla/5.0 (Android 12)', NULL, '{"duration": 167, "source": "category_browse"}'),
('f50e8400-e29b-41d4-a716-446655440049', 'item_view', '850e8400-e29b-41d4-a716-446655440002', '550e8400-e29b-41d4-a716-446655440009', uuid_generate_v4(), '750e8400-e29b-41d4-a716-446655440009', NOW() - INTERVAL '44 hours', '192.168.1.148', 'Mozilla/5.0 (macOS 13)', 'https://app.rentalapp.com', '{"duration": 201, "source": "related_items"}'),
('f50e8400-e29b-41d4-a716-446655440050', 'logout', NULL, '550e8400-e29b-41d4-a716-446655440001', uuid_generate_v4(), '750e8400-e29b-41d4-a716-446655440001', NOW() - INTERVAL '1 hour', '192.168.1.149', 'Mozilla/5.0 (Android 13)', 'https://app.rentalapp.com', '{"session_duration": 3600, "pages_visited": 12}');

-- Note: item_view data temporarily removed due to column ordering complexity
-- Can be added back in a separate migration if needed